<?xml version="1.0" encoding="UTF-8"?>
<project xmlns="http://maven.apache.org/POM/4.0.0" xmlns:xsi="http://www.w3.org/2001/XMLSchema-instance" xsi:schemaLocation="http://maven.apache.org/POM/4.0.0 http://maven.apache.org/maven-v4_0_0.xsd">
  <modelVersion>4.0.0</modelVersion>
  <groupId>com.karenngomes</groupId>
  <artifactId>sistema-academico</artifactId>
  <name>academico</name>
  <version>1.0-SNAPSHOT</version>
  <prerequisites>
    <maven>3.0.0</maven>
  </prerequisites>
  <build>
    <plugins>
      <plugin>
        <artifactId>maven-shade-plugin</artifactId>
        <version>2.4.1</version>
        <executions>
          <execution>
            <phase>package</phase>
            <goals>
              <goal>shade</goal>
            </goals>
          </execution>
        </executions>
        <configuration>
          <createDependencyReducedPom>true</createDependencyReducedPom>
          <transformers>
            <transformer />
            <transformer>
              <mainClass>${mainClass}</mainClass>
            </transformer>
          </transformers>
          <filters>
            <filter>
              <artifact>*:*</artifact>
              <excludes>
                <exclude>META-INF/*.SF</exclude>
                <exclude>META-INF/*.DSA</exclude>
                <exclude>META-INF/*.RSA</exclude>
              </excludes>
            </filter>
          </filters>
        </configuration>
      </plugin>
      <plugin>
        <artifactId>maven-jar-plugin</artifactId>
        <version>3.0.2</version>
        <configuration>
          <configuration>
            <mainClass>com.karenngomes.sistema.Main</mainClass>
          </configuration>
        </configuration>
      </plugin>
      <plugin>
        <artifactId>maven-compiler-plugin</artifactId>
        <version>3.6.1</version>
        <configuration>
          <source>1.8</source>
          <target>1.8</target>
        </configuration>
      </plugin>
      <plugin>
        <artifactId>maven-source-plugin</artifactId>
        <version>3.0.1</version>
        <executions>
          <execution>
            <id>attach-sources</id>
            <goals>
              <goal>jar</goal>
            </goals>
          </execution>
        </executions>
      </plugin>
      <plugin>
        <artifactId>maven-javadoc-plugin</artifactId>
        <version>3.0.0-M1</version>
        <executions>
          <execution>
            <id>attach-javadocs</id>
            <goals>
              <goal>jar</goal>
            </goals>
          </execution>
        </executions>
      </plugin>
    </plugins>
  </build>
  <dependencies>
    <dependency>
      <groupId>io.dropwizard</groupId>
      <artifactId>dropwizard-testing</artifactId>
      <version>1.3.5</version>
      <scope>test</scope>
      <exclusions>
        <exclusion>
          <artifactId>objenesis</artifactId>
          <groupId>org.objenesis</groupId>
        </exclusion>
        <exclusion>
          <artifactId>assertj-core</artifactId>
          <groupId>org.assertj</groupId>
        </exclusion>
        <exclusion>
          <artifactId>jersey-test-framework-provider-inmemory</artifactId>
          <groupId>org.glassfish.jersey.test-framework.providers</groupId>
        </exclusion>
      </exclusions>
    </dependency>
    <dependency>
      <groupId>org.projectlombok</groupId>
      <artifactId>lombok</artifactId>
      <version>1.18.2</version>
      <scope>provided</scope>
    </dependency>
    <dependency>
      <groupId>org.junit.platform</groupId>
      <artifactId>junit-platform-engine</artifactId>
      <version>1.3.2</version>
      <scope>test</scope>
      <exclusions>
        <exclusion>
          <artifactId>apiguardian-api</artifactId>
          <groupId>org.apiguardian</groupId>
        </exclusion>
        <exclusion>
          <artifactId>junit-platform-commons</artifactId>
          <groupId>org.junit.platform</groupId>
        </exclusion>
        <exclusion>
          <artifactId>opentest4j</artifactId>
          <groupId>org.opentest4j</groupId>
        </exclusion>
      </exclusions>
    </dependency>
    <dependency>
      <groupId>org.junit.jupiter</groupId>
      <artifactId>junit-jupiter-engine</artifactId>
      <version>5.3.2</version>
      <scope>test</scope>
      <exclusions>
        <exclusion>
          <artifactId>junit-jupiter-api</artifactId>
          <groupId>org.junit.jupiter</groupId>
        </exclusion>
        <exclusion>
          <artifactId>apiguardian-api</artifactId>
          <groupId>org.apiguardian</groupId>
        </exclusion>
      </exclusions>
    </dependency>
    <dependency>
      <groupId>org.glassfish.jersey.test-framework</groupId>
      <artifactId>jersey-test-framework-core</artifactId>
      <version>2.25.1</version>
      <scope>test</scope>
      <exclusions>
        <exclusion>
          <artifactId>javax.servlet-api</artifactId>
          <groupId>javax.servlet</groupId>
        </exclusion>
      </exclusions>
    </dependency>
    <dependency>
      <groupId>org.glassfish.jersey.test-framework.providers</groupId>
      <artifactId>jersey-test-framework-provider-grizzly2</artifactId>
      <version>2.25.1</version>
      <scope>test</scope>
      <exclusions>
        <exclusion>
          <artifactId>javax.servlet-api</artifactId>
          <groupId>javax.servlet</groupId>
        </exclusion>
        <exclusion>
          <artifactId>jersey-container-grizzly2-servlet</artifactId>
          <groupId>org.glassfish.jersey.containers</groupId>
        </exclusion>
      </exclusions>
    </dependency>
    <dependency>
      <groupId>org.mockito</groupId>
      <artifactId>mockito-core</artifactId>
      <version>2.15.0</version>
      <scope>test</scope>
      <exclusions>
        <exclusion>
          <artifactId>byte-buddy</artifactId>
          <groupId>net.bytebuddy</groupId>
        </exclusion>
        <exclusion>
          <artifactId>byte-buddy-agent</artifactId>
          <groupId>net.bytebuddy</groupId>
        </exclusion>
        <exclusion>
          <artifactId>objenesis</artifactId>
          <groupId>org.objenesis</groupId>
        </exclusion>
      </exclusions>
    </dependency>
    <dependency>
      <groupId>org.hamcrest</groupId>
      <artifactId>hamcrest-all</artifactId>
      <version>1.3</version>
      <scope>test</scope>
    </dependency>
    <dependency>
      <groupId>org.hamcrest</groupId>
      <artifactId>hamcrest-library</artifactId>
      <version>1.3</version>
      <scope>test</scope>
    </dependency>
  </dependencies>
  <reporting>
    <plugins>
      <plugin>
        <artifactId>maven-project-info-reports-plugin</artifactId>
        <version>2.8.1</version>
        <configuration>
          <dependencyLocationsEnabled>false</dependencyLocationsEnabled>
          <dependencyDetailsEnabled>false</dependencyDetailsEnabled>
        </configuration>
      </plugin>
      <plugin>
        <artifactId>maven-javadoc-plugin</artifactId>
        <version>2.10.3</version>
      </plugin>
    </plugins>
  </reporting>
  <dependencyManagement>
    <dependencies>
      <dependency>
        <groupId>io.dropwizard</groupId>
        <artifactId>dropwizard-bom</artifactId>
        <version>${dropwizard.version}</version>
        <type>pom</type>
        <scope>import</scope>
      </dependency>
    </dependencies>
  </dependencyManagement>
  <properties>
    <dropwizard.version>1.3.5</dropwizard.version>
    <mainClass>com.karenngomes.SystemApp</mainClass>
    <project.reporting.outputEncoding>UTF-8</project.reporting.outputEncoding>
    <project.build.sourceEncoding>UTF-8</project.build.sourceEncoding>
  </properties>
</project>

